Workbook

Sheet CALCULADORA
A1: CALCULADORA DE TARIFAS DE TRANSPORTE DE GAS - SNT
A4: 1. SELECCIONE LA RUTA Y LAS OPCIONES
A5: Origen | C5: Jobo | T5: =C5
A6: Destino | C6: Ballenas_prom | T6: =C6
A7: Opcion %CF (Fijo/Variable) | C7: 0% Fijo / 100% Variable | T7: =VLOOKUP(C7,listas!$D$2:$E$8,2,0)
A8: TRM (COP por USD) | C8: 4000 | T8: =C8
A9: Impuesto local TGI | C9: 6% - Impuesto especial municipal | E9: Impuesto local y cuota de fomento de arriba aplican SOLO A TGI. PROMIGAS se liquida automaticamente con 3% de cuota de fomento y 6% de impuesto local (no editables). | T9: =VLOOKUP(C9,listas!$G$2:$H$4,2,0)
A10: Cuota de fomento TGI | C10: 0.03 | T10: =C10
A12: 2. RUTA CALCULADA
A13: Tipo de ruta: | C13: =Calculo!B18&IF(Calculo!B19="-",""," / "&Calculo!B19)
A14: Tramos utilizados: | C14: =Calculo!B71
A16: 3. DESGLOSE POR TRANSPORTADOR (cada uno liquida su estampilla, su fomento y su impuesto)
A17: Transportador | B17: Usa | C17: Fijos pond. | D17: Variables pond. | E17: AOM | F17: Estampilla | G17: Base | H17: % Fomento | I17: Fomento | J17: % Impuesto | K17: Impuesto | L17: Total
A18: TGI (editable) | B18: =Calculo!B57 | C18: =Calculo!C57 | D18: =Calculo!D57 | E18: =Calculo!E57 | F18: =Calculo!F57 | G18: =Calculo!G57 | H18: =Calculo!H57 | I18: =Calculo!I57 | ... L18: =Calculo!L57
A19: PROMIGAS (automatico) | B19: =Calculo!B58 | C19: =Calculo!C58 | D19: =Calculo!D58 | E19: =Calculo!E58 | F19: =Calculo!F58 | G19: =Calculo!G58 | H19: =Calculo!H58 | I19: =Calculo!I58 | ... L19: =Calculo!L58
A20: TOTALES | C20: =Calculo!C59 | D20: =Calculo!D59 | E20: =Calculo!E59 | F20: =Calculo!F59 | G20: =Calculo!G59 | I20: =Calculo!I59 | K20: =Calculo!K59 | L20: =Calculo!L59
A22: 4. RESULTADO FINAL
A23: Costo base transporte (COP/KPC) | E23: =Calculo!B64
A24: Cuota de fomento - suma transportadores (COP/KPC) | E24: =Calculo!B65
A25: Impuesto local - suma transportadores (COP/KPC) | E25: =Calculo!B66
A26: TOTAL (COP/KPC) | E26: =Calculo!B67
A27: Costo base transporte (USD/KPC) | E27: =Calculo!B68
A28: TOTAL (USD/KPC) | E28: =Calculo!B69
A31: Notas: %CF = porcentaje que se cobra como cargo fijo (el resto se cobra como cargo variable); el AOM se cobra 100% independiente del %CF. La estampilla se cobra una sola vez por transportador usado en la ruta. Si Origen y Destino estan en redes distintas, la ruta es COMBINADA: se suma la ruta del Origen hasta el punto de entrada de su red y la del punto de entrada de la red del Destino hasta el Destino, y se cobran las estampillas, cuotas de fomento e impuestos de ambos transportadores. La cuota de fomento y el impuesto local se liquidan POR TRANSPORTADOR sobre su propia base (sus tramos + su estampilla): TGI usa los porcentajes editables de arriba; PROMIGAS usa 3% y 6% fijos, que se cambian en Calculo!B10 y Calculo!B11. Fuente de tarifas: hoja TRAMOS.

Sheet Calculo
A1: MOTOR DE CALCULO - no editar (alimenta la hoja CALCULADORA)
A3: PARAMETROS DE ENTRADA
A4: Origen | B4: =CALCULADORA!T5
A5: Destino | B5: =CALCULADORA!T6
A6: %CF (fraccion Fijo) | B6: =CALCULADORA!T7
A7: TRM (COP/USD) | B7: =CALCULADORA!T8
A8: % Impuesto local TGI (editable) | B8: =CALCULADORA!T9
A9: % Cuota de fomento TGI (editable) | B9: =CALCULADORA!T10
A10: % Cuota de fomento PROMIGAS (fijo) | B10: 0.03
A11: % Impuesto local PROMIGAS (fijo) | B11: 0.06
A13: VALIDACION DE RUTA
A14: Fila de Origen en matriz | B14: =MATCH(B4,$A$76:$A$109,0)
A15: Fila de Destino en matriz | B15: =MATCH(B5,$A$76:$A$109,0)
A16: Red de Origen | B16: =INDEX($B$76:$B$109,B14)
A17: Red de Destino | B17: =INDEX($B$76:$B$109,B15)
A18: Ruta valida? | B18: =IF(B4=B5,"ORIGEN = DESTINO","SI")
A19: Tipo de ruta | B19: =IF($B$18<>"SI","-",IF($B$16=$B$17,"DIRECTA","COMBINADA - se suman las dos rutas hasta el punto de entrada de cada red"))
A20: Tramo | B20: Ruta | C20: Transportador | D20: Fijos | E20: Variables | F20: AOM | G20: Incluido | H20: Fijo ponderado | I20: Variable ponderado | J20: AOM incluido
A21: =TRAMOS!J2 | B21: =TRAMOS!A2 | C21: =TRAMOS!I2 | D21: =TRAMOS!D2 | E21: =TRAMOS!E2 | F21: =TRAMOS!F2 | G21: =IF($B$18<>"SI",0,IF($B$16=$B$17,ABS(INDEX($C$76:$AH$109,$B$14,1)-INDEX($C$76:$AH$109,$B$15,1)),INDEX($C$76:$AH$109,$B$14,1)+INDEX($C$76:$AH$109,$B$15,1))) | H21: =D21*$B$6*G21 | I21: =E21*(1-$B$6)*G21 | J21: =F21*G21
A22: =TRAMOS!J3 | B22: =TRAMOS!A3 | C22: =TRAMOS!I3 | D22: =TRAMOS!D3 | E22: =TRAMOS!E3 | F22: =TRAMOS!F3 | G22: =IF($B$18<>"SI",0,IF($B$16=$B$17,ABS(INDEX($C$76:$AH$109,$B$14,2)-INDEX($C$76:$AH$109,$B$15,2)),INDEX($C$76:$AH$109,$B$14,2)+INDEX($C$76:$AH$109,$B$15,2))) | H22: =D22*$B$6*G22 | I22: =E22*(1-$B$6)*G22 | J22: =F22*G22
A23: =TRAMOS!J4 | B23: =TRAMOS!A4 | C23: =TRAMOS!I4 | D23: =TRAMOS!D4 | E23: =TRAMOS!E4 | F23: =TRAMOS!F4 | G23: =IF($B$18<>"SI",0,IF($B$16=$B$17,ABS(INDEX($C$76:$AH$109,$B$14,3)-INDEX($C$76:$AH$109,$B$15,3)),INDEX($C$76:$AH$109,$B$14,3)+INDEX($C$76:$AH$109,$B$15,3))) | H23: =D23*$B$6*G23 | I23: =E23*(1-$B$6)*G23 | J23: =F23*G23
A24: =TRAMOS!J5 | B24: =TRAMOS!A5 | C24: =TRAMOS!I5 | D24: =TRAMOS!D5 | E24: =TRAMOS!E5 | F24: =TRAMOS!F5 | G24: =IF($B$18<>"SI",0,IF($B$16=$B$17,ABS(INDEX($C$76:$AH$109,$B$14,4)-INDEX($C$76:$AH$109,$B$15,4)),INDEX($C$76:$AH$109,$B$14,4)+INDEX($C$76:$AH$109,$B$15,4))) | H24: =D24*$B$6*G24 | I24: =E24*(1-$B$6)*G24 | J24: =F24*G24
A25: =TRAMOS!J6 | B25: =TRAMOS!A6 | C25: =TRAMOS!I6 | D25: =TRAMOS!D6 | E25: =TRAMOS!E6 | F25: =TRAMOS!F6 | G25: =IF($B$18<>"SI",0,IF($B$16=$B$17,ABS(INDEX($C$76:$AH$109,$B$14,5)-INDEX($C$76:$AH$109,$B$15,5)),INDEX($C$76:$AH$109,$B$14,5)+INDEX($C$76:$AH$109,$B$15,5))) | H25: =D25*$B$6*G25 | I25: =E25*(1-$B$6)*G25 | J25: =F25*G25
A26: =TRAMOS!J7 | B26: =TRAMOS!A7 | C26: =TRAMOS!I7 | D26: =TRAMOS!D7 | E26: =TRAMOS!E7 | F26: =TRAMOS!F7 | G26: =IF($B$18<>"SI",0,IF($B$16=$B$17,ABS(INDEX($C$76:$AH$109,$B$14,6)-INDEX($C$76:$AH$109,$B$15,6)),INDEX($C$76:$AH$109,$B$14,6)+INDEX($C$76:$AH$109,$B$15,6))) | H26: =D26*$B$6*G26 | I26: =E26*(1-$B$6)*G26 | J26: =F26*G26
A27: =TRAMOS!J8 | B27: =TRAMOS!A8 | C27: =TRAMOS!I8 | D27: =TRAMOS!D8 | E27: =TRAMOS!E8 | F27: =TRAMOS!F8 | G27: =IF($B$18<>"SI",0,IF($B$16=$B$17,ABS(INDEX($C$76:$AH$109,$B$14,7)-INDEX($C$76:$AH$109,$B$15,7)),INDEX($C$76:$AH$109,$B$14,7)+INDEX($C$76:$AH$109,$B$15,7))) | H27: =D27*$B$6*G27 | I27: =E27*(1-$B$6)*G27 | J27: =F27*G27
A28: =TRAMOS!J9 | B28: =TRAMOS!A9 | C28: =TRAMOS!I9 | D28: =TRAMOS!D9 | E28: =TRAMOS!E9 | F28: =TRAMOS!F9 | G28: =IF($B$18<>"SI",0,IF($B$16=$B$17,ABS(INDEX($C$76:$AH$109,$B$14,8)-INDEX($C$76:$AH$109,$B$15,8)),INDEX($C$76:$AH$109,$B$14,8)+INDEX($C$76:$AH$109,$B$15,8))) | H28: =D28*$B$6*G28 | I28: =E28*(1-$B$6)*G28 | J28: =F28*G28
A29: =TRAMOS!J10 | B29: =TRAMOS!A10 | C29: =TRAMOS!I10 | D29: =TRAMOS!D10 | E29: =TRAMOS!E10 | F29: =TRAMOS!F10 | G29: =IF($B$18<>"SI",0,IF($B$16=$B$17,ABS(INDEX($C$76:$AH$109,$B$14,9)-INDEX($C$76:$AH$109,$B$15,9)),INDEX($C$76:$AH$109,$B$14,9)+INDEX($C$76:$AH$109,$B$15,9))) | H29: =D29*$B$6*G29 | I29: =E29*(1-$B$6)*G29 | J29: =F29*G29
A30: =TRAMOS!J11 | B30: =TRAMOS!A11 | C30: =TRAMOS!I11 | D30: =TRAMOS!D11 | E30: =TRAMOS!E11 | F30: =TRAMOS!F11 | G30: =IF($B$18<>"SI",0,IF($B$16=$B$17,ABS(INDEX($C$76:$AH$109,$B$14,10)-INDEX($C$76:$AH$109,$B$15,10)),INDEX($C$76:$AH$109,$B$14,10)+INDEX($C$76:$AH$109,$B$15,10))) | H30: =D30*$B$6*G30 | I30: =E30*(1-$B$6)*G30 | J30: =F30*G30
A31: =TRAMOS!J12 | B31: =TRAMOS!A12 | C31: =TRAMOS!I12 | D31: =TRAMOS!D12 | E31: =TRAMOS!E12 | F31: =TRAMOS!F12 | G31: =IF($B$18<>"SI",0,IF($B$16=$B$17,ABS(INDEX($C$76:$AH$109,$B$14,11)-INDEX($C$76:$AH$109,$B$15,11)),INDEX($C$76:$AH$109,$B$14,11)+INDEX($C$76:$AH$109,$B$15,11))) | H31: =D31*$B$6*G31 | I31: =E31*(1-$B$6)*G31 | J31: =F31*G31
A32: =TRAMOS!J13 | B32: =TRAMOS!A13 | C32: =TRAMOS!I13 | D32: =TRAMOS!D13 | E32: =TRAMOS!E13 | F32: =TRAMOS!F13 | G32: =IF($B$18<>"SI",0,IF($B$16=$B$17,ABS(INDEX($C$76:$AH$109,$B$14,12)-INDEX($C$76:$AH$109,$B$15,12)),INDEX($C$76:$AH$109,$B$14,12)+INDEX($C$76:$AH$109,$B$15,12))) | H32: =D32*$B$6*G32 | I32: =E32*(1-$B$6)*G32 | J32: =F32*G32
A33: =TRAMOS!J14 | B33: =TRAMOS!A14 | C33: =TRAMOS!I14 | D33: =TRAMOS!D14 | E33: =TRAMOS!E14 | F33: =TRAMOS!F14 | G33: =IF($B$18<>"SI",0,IF($B$16=$B$17,ABS(INDEX($C$76:$AH$109,$B$14,13)-INDEX($C$76:$AH$109,$B$15,13)),INDEX($C$76:$AH$109,$B$14,13)+INDEX($C$76:$AH$109,$B$15,13))) | H33: =D33*$B$6*G33 | I33: =E33*(1-$B$6)*G33 | J33: =F33*G33
A34: =TRAMOS!J15 | B34: =TRAMOS!A15 | C34: =TRAMOS!I15 | D34: =TRAMOS!D15 | E34: =TRAMOS!E15 | F34: =TRAMOS!F15 | G34: =IF($B$18<>"SI",0,IF($B$16=$B$17,ABS(INDEX($C$76:$AH$109,$B$14,14)-INDEX($C$76:$AH$109,$B$15,14)),INDEX($C$76:$AH$109,$B$14,14)+INDEX($C$76:$AH$109,$B$15,14))) | H34: =D34*$B$6*G34 | I34: =E34*(1-$B$6)*G34 | J34: =F34*G34
A35: =TRAMOS!J16 | B35: =TRAMOS!A16 | C35: =TRAMOS!I16 | D35: =TRAMOS!D16 | E35: =TRAMOS!E16 | F35: =TRAMOS!F16 | G35: =IF($B$18<>"SI",0,IF($B$16=$B$17,ABS(INDEX($C$76:$AH$109,$B$14,15)-INDEX($C$76:$AH$109,$B$15,15)),INDEX($C$76:$AH$109,$B$14,15)+INDEX($C$76:$AH$109,$B$15,15))) | H35: =D35*$B$6*G35 | I35: =E35*(1-$B$6)*G35 | J35: =F35*G35
A36: =TRAMOS!J17 | B36: =TRAMOS!A17 | C36: =TRAMOS!I17 | D36: =TRAMOS!D17 | E36: =TRAMOS!E17 | F36: =TRAMOS!F17 | G36: =IF($B$18<>"SI",0,IF($B$16=$B$17,ABS(INDEX($C$76:$AH$109,$B$14,16)-INDEX($C$76:$AH$109,$B$15,16)),INDEX($C$76:$AH$109,$B$14,16)+INDEX($C$76:$AH$109,$B$15,16))) | H36: =D36*$B$6*G36 | I36: =E36*(1-$B$6)*G36 | J36: =F36*G36
A37: =TRAMOS!J18 | B37: =TRAMOS!A18 | C37: =TRAMOS!I18 | D37: =TRAMOS!D18 | E37: =TRAMOS!E18 | F37: =TRAMOS!F18 | G37: =IF($B$18<>"SI",0,IF($B$16=$B$17,ABS(INDEX($C$76:$AH$109,$B$14,17)-INDEX($C$76:$AH$109,$B$15,17)),INDEX($C$76:$AH$109,$B$14,17)+INDEX($C$76:$AH$109,$B$15,17))) | H37: =D37*$B$6*G37 | I37: =E37*(1-$B$6)*G37 | J37: =F37*G37
A38: =TRAMOS!J19 | B38: =TRAMOS!A19 | C38: =TRAMOS!I19 | D38: =TRAMOS!D19 | E38: =TRAMOS!E19 | F38: =TRAMOS!F19 | G38: =IF($B$18<>"SI",0,IF($B$16=$B$17,ABS(INDEX($C$76:$AH$109,$B$14,18)-INDEX($C$76:$AH$109,$B$15,18)),INDEX($C$76:$AH$109,$B$14,18)+INDEX($C$76:$AH$109,$B$15,18))) | H38: =D38*$B$6*G38 | I38: =E38*(1-$B$6)*G38 | J38: =F38*G38
A39: =TRAMOS!J20 | B39: =TRAMOS!A20 | C39: =TRAMOS!I20 | D39: =TRAMOS!D20 | E39: =TRAMOS!E20 | F39: =TRAMOS!F20 | G39: =IF($B$18<>"SI",0,IF($B$16=$B$17,ABS(INDEX($C$76:$AH$109,$B$14,19)-INDEX($C$76:$AH$109,$B$15,19)),INDEX($C$76:$AH$109,$B$14,19)+INDEX($C$76:$AH$109,$B$15,19))) | H39: =D39*$B$6*G39 | I39: =E39*(1-$B$6)*G39 | J39: =F39*G39
A40: =TRAMOS!J21 | B40: =TRAMOS!A21 | C40: =TRAMOS!I21 | D40: =TRAMOS!D21 | E40: =TRAMOS!E21 | F40: =TRAMOS!F21 | G40: =IF($B$18<>"SI",0,IF($B$16=$B$17,ABS(INDEX($C$76:$AH$109,$B$14,20)-INDEX($C$76:$AH$109,$B$15,20)),INDEX($C$76:$AH$109,$B$14,20)+INDEX($C$76:$AH$109,$B$15,20))) | H40: =D40*$B$6*G40 | I40: =E40*(1-$B$6)*G40 | J40: =F40*G40
A41: =TRAMOS!J22 | B41: =TRAMOS!A22 | C41: =TRAMOS!I22 | D41: =TRAMOS!D22 | E41: =TRAMOS!E22 | F41: =TRAMOS!F22 | G41: =IF($B$18<>"SI",0,IF($B$16=$B$17,ABS(INDEX($C$76:$AH$109,$B$14,21)-INDEX($C$76:$AH$109,$B$15,21)),INDEX($C$76:$AH$109,$B$14,21)+INDEX($C$76:$AH$109,$B$15,21))) | H41: =D41*$B$6*G41 | I41: =E41*(1-$B$6)*G41 | J41: =F41*G41
A42: =TRAMOS!J23 | B42: =TRAMOS!A23 | C42: =TRAMOS!I23 | D42: =TRAMOS!D23 | E42: =TRAMOS!E23 | F42: =TRAMOS!F23 | G42: =IF($B$18<>"SI",0,IF($B$16=$B$17,ABS(INDEX($C$76:$AH$109,$B$14,22)-INDEX($C$76:$AH$109,$B$15,22)),INDEX($C$76:$AH$109,$B$14,22)+INDEX($C$76:$AH$109,$B$15,22))) | H42: =D42*$B$6*G42 | I42: =E42*(1-$B$6)*G42 | J42: =F42*G42
A43: =TRAMOS!J24 | B43: =TRAMOS!A24 | C43: =TRAMOS!I24 | D43: =TRAMOS!D24 | E43: =TRAMOS!E24 | F43: =TRAMOS!F24 | G43: =IF($B$18<>"SI",0,IF($B$16=$B$17,ABS(INDEX($C$76:$AH$109,$B$14,23)-INDEX($C$76:$AH$109,$B$15,23)),INDEX($C$76:$AH$109,$B$14,23)+INDEX($C$76:$AH$109,$B$15,23))) | H43: =D43*$B$6*G43 | I43: =E43*(1-$B$6)*G43 | J43: =F43*G43
A44: =TRAMOS!J25 | B44: =TRAMOS!A25 | C44: =TRAMOS!I25 | D44: =TRAMOS!D25 | E44: =TRAMOS!E25 | F44: =TRAMOS!F25 | G44: =IF($B$18<>"SI",0,IF($B$16=$B$17,ABS(INDEX($C$76:$AH$109,$B$14,24)-INDEX($C$76:$AH$109,$B$15,24)),INDEX($C$76:$AH$109,$B$14,24)+INDEX($C$76:$AH$109,$B$15,24))) | H44: =D44*$B$6*G44 | I44: =E44*(1-$B$6)*G44 | J44: =F44*G44
A45: =TRAMOS!J26 | B45: =TRAMOS!A26 | C45: =TRAMOS!I26 | D45: =TRAMOS!D26 | E45: =TRAMOS!E26 | F45: =TRAMOS!F26 | G45: =IF($B$18<>"SI",0,IF($B$16=$B$17,ABS(INDEX($C$76:$AH$109,$B$14,25)-INDEX($C$76:$AH$109,$B$15,25)),INDEX($C$76:$AH$109,$B$14,25)+INDEX($C$76:$AH$109,$B$15,25))) | H45: =D45*$B$6*G45 | I45: =E45*(1-$B$6)*G45 | J45: =F45*G45
A46: =TRAMOS!J27 | B46: =TRAMOS!A27 | C46: =TRAMOS!I27 | D46: =TRAMOS!D27 | E46: =TRAMOS!E27 | F46: =TRAMOS!F27 | G46: =IF($B$18<>"SI",0,IF($B$16=$B$17,ABS(INDEX($C$76:$AH$109,$B$14,26)-INDEX($C$76:$AH$109,$B$15,26)),INDEX($C$76:$AH$109,$B$14,26)+INDEX($C$76:$AH$109,$B$15,26))) | H46: =D46*$B$6*G46 | I46: =E46*(1-$B$6)*G46 | J46: =F46*G46
A47: =TRAMOS!J28 | B47: =TRAMOS!A28 | C47: =TRAMOS!I28 | D47: =TRAMOS!D28 | E47: =TRAMOS!E28 | F47: =TRAMOS!F28 | G47: =IF($B$18<>"SI",0,IF($B$16=$B$17,ABS(INDEX($C$76:$AH$109,$B$14,27)-INDEX($C$76:$AH$109,$B$15,27)),INDEX($C$76:$AH$109,$B$14,27)+INDEX($C$76:$AH$109,$B$15,27))) | H47: =D47*$B$6*G47 | I47: =E47*(1-$B$6)*G47 | J47: =F47*G47
A48: =TRAMOS!J29 | B48: =TRAMOS!A29 | C48: =TRAMOS!I29 | D48: =TRAMOS!D29 | E48: =TRAMOS!E29 | F48: =TRAMOS!F29 | G48: =IF($B$18<>"SI",0,IF($B$16=$B$17,ABS(INDEX($C$76:$AH$109,$B$14,28)-INDEX($C$76:$AH$109,$B$15,28)),INDEX($C$76:$AH$109,$B$14,28)+INDEX($C$76:$AH$109,$B$15,28))) | H48: =D48*$B$6*G48 | I48: =E48*(1-$B$6)*G48 | J48: =F48*G48
A49: =TRAMOS!J30 | B49: =TRAMOS!A30 | C49: =TRAMOS!I30 | D49: =TRAMOS!D30 | E49: =TRAMOS!E30 | F49: =TRAMOS!F30 | G49: =IF($B$18<>"SI",0,IF($B$16=$B$17,ABS(INDEX($C$76:$AH$109,$B$14,29)-INDEX($C$76:$AH$109,$B$15,29)),INDEX($C$76:$AH$109,$B$14,29)+INDEX($C$76:$AH$109,$B$15,29))) | H49: =D49*$B$6*G49 | I49: =E49*(1-$B$6)*G49 | J49: =F49*G49
A50: =TRAMOS!J31 | B50: =TRAMOS!A31 | C50: =TRAMOS!I31 | D50: =TRAMOS!D31 | E50: =TRAMOS!E31 | F50: =TRAMOS!F31 | G50: =IF($B$18<>"SI",0,IF($B$16=$B$17,ABS(INDEX($C$76:$AH$109,$B$14,30)-INDEX($C$76:$AH$109,$B$15,30)),INDEX($C$76:$AH$109,$B$14,30)+INDEX($C$76:$AH$109,$B$15,30))) | H50: =D50*$B$6*G50 | I50: =E50*(1-$B$6)*G50 | J50: =F50*G50
A51: =TRAMOS!J32 | B51: =TRAMOS!A32 | C51: =TRAMOS!I32 | D51: =TRAMOS!D32 | E51: =TRAMOS!E32 | F51: =TRAMOS!F32 | G51: =IF($B$18<>"SI",0,IF($B$16=$B$17,ABS(INDEX($C$76:$AH$109,$B$14,31)-INDEX($C$76:$AH$109,$B$15,31)),INDEX($C$76:$AH$109,$B$14,31)+INDEX($C$76:$AH$109,$B$15,31))) | H51: =D51*$B$6*G51 | I51: =E51*(1-$B$6)*G51 | J51: =F51*G51
A52: =TRAMOS!J33 | B52: =TRAMOS!A33 | C52: =TRAMOS!I33 | D52: =TRAMOS!D33 | E52: =TRAMOS!E33 | F52: =TRAMOS!F33 | G52: =IF($B$18<>"SI",0,IF($B$16=$B$17,ABS(INDEX($C$76:$AH$109,$B$14,32)-INDEX($C$76:$AH$109,$B$15,32)),INDEX($C$76:$AH$109,$B$14,32)+INDEX($C$76:$AH$109,$B$15,32))) | H52: =D52*$B$6*G52 | I52: =E52*(1-$B$6)*G52 | J52: =F52*G52
B53: TOTALES | H53: =SUM(H21:H52) | I53: =SUM(I21:I52) | J53: =SUM(J21:J52)
A55: DESGLOSE POR TRANSPORTADOR
A56: Transportador | B56: Usa | C56: Fijos pond. | D56: Variables pond. | E56: AOM | F56: Estampilla | G56: Base | H56: % Fomento | I56: Fomento | J56: % Impuesto | K56: Impuesto | L56: Total
A57: TGI | B57: =IF(SUMPRODUCT(($C$21:$C$52=$A57)*$G$21:$G$52)>0,"SI","NO") | C57: =SUMPRODUCT(($C$21:$C$52=$A57)*$H$21:$H$52) | D57: =SUMPRODUCT(($C$21:$C$52=$A57)*$I$21:$I$52) | E57: =SUMPRODUCT(($C$21:$C$52=$A57)*$J$21:$J$52) | F57: =IF($B57="SI",SUMIF(TRAMOS!$L$2:$L$3,$A57,TRAMOS!$M$2:$M$3)*$B$6+SUMIF(TRAMOS!$L$2:$L$3,$A57,TRAMOS!$N$2:$N$3)*(1-$B$6)+SUMIF(TRAMOS!$L$2:$L$3,$A57,TRAMOS!$O$2:$O$3),0) | G57: =C57+D57+E57+F57 | H57: =$B$9 | I57: =G57*H57 | J57: =$B$8 | K57: =G57*J57 | L57: =G57+I57+K57
A58: PROMIGAS | B58: =IF(SUMPRODUCT(($C$21:$C$52=$A58)*$G$21:$G$52)>0,"SI","NO") | C58: =SUMPRODUCT(($C$21:$C$52=$A58)*$H$21:$H$52) | D58: =SUMPRODUCT(($C$21:$C$52=$A58)*$I$21:$I$52) | E58: =SUMPRODUCT(($C$21:$C$52=$A58)*$J$21:$J$52) | F58: =IF($B58="SI",SUMIF(TRAMOS!$L$2:$L$3,$A58,TRAMOS!$M$2:$M$3)*$B$6+SUMIF(TRAMOS!$L$2:$L$3,$A58,TRAMOS!$N$2:$N$3)*(1-$B$6)+SUMIF(TRAMOS!$L$2:$L$3,$A58,TRAMOS!$O$2:$O$3),0) | G58: =C58+D58+E58+F58 | H58: =$B$10 | I58: =G58*H58 | J58: =$B$11 | K58: =G58*J58 | L58: =G58+I58+K58
A59: TOTALES | C59: =SUM(C57:C58) | D59: =SUM(D57:D58) | E59: =SUM(E57:E58) | F59: =SUM(F57:F58) | G59: =SUM(G57:G58) | I59: =SUM(I57:I58) | K59: =SUM(K57:K58) | L59: =SUM(L57:L58)
A61: RESULTADOS
A62: Subtotal tramos (COP) | B62: =H53+I53+J53
A63: Total estampillas (COP) | B63: =F59
A64: Costo base transporte (COP/KPC) | B64: =G59
A65: Cuota de fomento total (COP/KPC) | B65: =I59
A66: Impuesto local total (COP/KPC) | B66: =K59
A67: TOTAL (COP/KPC) | B67: =L59
A68: Costo base transporte (USD/KPC) | B68: =IF(B7=0,0,B64/B7)
A69: TOTAL (USD/KPC) | B69: =IF(B7=0,0,B67/B7)
A71: Tramos utilizados (texto) | B71: {=IF(B18<>"SI","",_xlfn.TEXTJOIN(" -> ",TRUE,IF($G$21:$G$52=1,$B$21:$B$52,"")))}
A74: MATRIZ DE PERTENENCIA (tramos entre el nodo y el punto de entrada de su red) - generada por tools/actualizar_excel.py
A75: Nodo | B75: Red | C75: 1 | D75: 2 | E75: 3 | F75: 4 | G75: 5 | H75: 6 | I75: 7 | J75: 8 | K75: 9 | L75: 10 | M75: 11 | N75: 12 | O75: 13 | P75: 14 | Q75: 15 | R75: 16 | S75: 17 | T75: 18 | U75: 19 | V75: 20 | W75: 21 | X75: 22 | Y75: 23 | Z75: 24 | AA75: 25 | AB75: 26 | AC75: 27 | AD75: 28 | AE75: 29 | AF75: 30 | AG75: 31 | AH75: 32
A76: Acopi | B76: 0 | C76: 1 | D76: 1 | E76: 0 | F76: 0 | G76: 0 | H76: 0 | I76: 0 | J76: 0 | K76: 1 | L76: 1 | M76: 0 | N76: 0 | O76: 0 | P76: 1 | Q76: 1 | R76: 1 | S76: 1 | T76: 0 | U76: 0 | V76: 0 | W76: 0 | X76: 0 | Y76: 0 | Z76: 0 | AA76: 0 | AB76: 0 | AC76: 0 | AD76: 0 | AE76: 0 | AF76: 0 | AG76: 0 | AH76: 0
A77: Apiay | B77: 0 | C77: 1 | D77: 1 | E77: 0 | F77: 0 | G77: 0 | H77: 0 | I77: 0 | J77: 0 | K77: 1 | L77: 0 | M77: 0 | N77: 0 | O77: 0 | P77: 0 | Q77: 0 | R77: 0 | S77: 0 | T77: 1 | U77: 0 | V77: 0 | W77: 1 | X77: 1 | Y77: 1 | Z77: 0 | AA77: 0 | AB77: 0 | AC77: 0 | AD77: 0 | AE77: 0 | AF77: 0 | AG77: 0 | AH77: 0
A78: Armenia | B78: 0 | C78: 1 | D78: 1 | E78: 0 | F78: 0 | G78: 0 | H78: 0 | I78: 0 | J78: 0 | K78: 1 | L78: 1 | M78: 0 | N78: 0 | O78: 0 | P78: 1 | Q78: 1 | R78: 0 | S78: 0 | T78: 0 | U78: 0 | V78: 0 | W78: 0 | X78: 0 | Y78: 0 | Z78: 0 | AA78: 0 | AB78: 0 | AC78: 0 | AD78: 0 | AE78: 0 | AF78: 0 | AG78: 0 | AH78: 0
A79: Ballenas_prom | B79: 1 | C79: 0 | D79: 0 | E79: 0 | F79: 0 | G79: 0 | H79: 0 | I79: 0 | J79: 0 | K79: 0 | L79: 0 | M79: 0 | N79: 0 | O79: 0 | P79: 0 | Q79: 0 | R79: 0 | S79: 0 | T79: 0 | U79: 0 | V79: 0 | W79: 0 | X79: 0 | Y79: 0 | Z79: 0 | AA79: 0 | AB79: 0 | AC79: 0 | AD79: 0 | AE79: 0 | AF79: 0 | AG79: 0 | AH79: 0
A80: Ballenas_tgi | B80: 0 | C80: 0 | D80: 0 | E80: 0 | F80: 0 | G80: 0 | H80: 0 | I80: 0 | J80: 0 | K80: 0 | L80: 0 | M80: 0 | N80: 0 | O80: 0 | P80: 0 | Q80: 0 | R80: 0 | S80: 0 | T80: 0 | U80: 0 | V80: 0 | W80: 0 | X80: 0 | Y80: 0 | Z80: 0 | AA80: 0 | AB80: 0 | AC80: 0 | AD80: 0 | AE80: 0 | AF80: 0 | AG80: 0 | AH80: 0
A81: Barbosa | B81: 0 | C81: 1 | D81: 1 | E81: 1 | F81: 1 | G81: 1 | H81: 0 | I81: 0 | J81: 0 | K81: 0 | L81: 0 | M81: 0 | N81: 0 | O81: 0 | P81: 0 | Q81: 0 | R81: 0 | S81: 0 | T81: 0 | U81: 0 | V81: 0 | W81: 0 | X81: 0 | Y81: 0 | Z81: 0 | AA81: 0 | AB81: 0 | AC81: 0 | AD81: 0 | AE81: 0 | AF81: 0 | AG81: 0 | AH81: 0
A82: Barranca | B82: 0 | C82: 1 | D82: 0 | E82: 0 | F82: 0 | G82: 0 | H82: 0 | I82: 0 | J82: 0 | K82: 0 | L82: 0 | M82: 0 | N82: 0 | O82: 0 | P82: 0 | Q82: 0 | R82: 0 | S82: 0 | T82: 0 | U82: 0 | V82: 0 | W82: 0 | X82: 0 | Y82: 0 | Z82: 0 | AA82: 0 | AB82: 0 | AC82: 0 | AD82: 0 | AE82: 0 | AF82: 0 | AG82: 0 | AH82: 0
A83: Barranquilla | B83: 1 | C83: 0 | D83: 0 | E83: 0 | F83: 0 | G83: 0 | H83: 0 | I83: 0 | J83: 0 | K83: 0 | L83: 0 | M83: 0 | N83: 0 | O83: 0 | P83: 0 | Q83: 0 | R83: 0 | S83: 0 | T83: 0 | U83: 0 | V83: 0 | W83: 0 | X83: 0 | Y83: 0 | Z83: 0 | AA83: 0 | AB83: 1 | AC83: 1 | AD83: 0 | AE83: 0 | AF83: 0 | AG83: 0 | AH83: 0
A84: Bello | B84: 0 | C84: 1 | D84: 1 | E84: 1 | F84: 1 | G84: 1 | H84: 1 | I84: 1 | J84: 0 | K84: 0 | L84: 0 | M84: 0 | N84: 0 | O84: 0 | P84: 0 | Q84: 0 | R84: 0 | S84: 0 | T84: 0 | U84: 0 | V84: 0 | W84: 0 | X84: 0 | Y84: 0 | Z84: 0 | AA84: 0 | AB84: 0 | AC84: 0 | AD84: 0 | AE84: 0 | AF84: 0 | AG84: 0 | AH84: 0
A85: Cali | B85: 0 | C85: 1 | D85: 1 | E85: 0 | F85: 0 | G85: 0 | H85: 0 | I85: 0 | J85: 0 | K85: 1 | L85: 1 | M85: 0 | N85: 0 | O85: 0 | P85: 1 | Q85: 1 | R85: 1 | S85: 0 | T85: 0 | U85: 0 | V85: 0 | W85: 0 | X85: 0 | Y85: 0 | Z85: 0 | AA85: 0 | AB85: 0 | AC85: 0 | AD85: 0 | AE85: 0 | AF85: 0 | AG85: 0 | AH85: 0
A86: Cartagena | B86: 1 | C86: 0 | D86: 0 | E86: 0 | F86: 0 | G86: 0 | H86: 0 | I86: 0 | J86: 0 | K86: 0 | L86: 0 | M86: 0 | N86: 0 | O86: 0 | P86: 0 | Q86: 0 | R86: 0 | S86: 0 | T86: 0 | U86: 0 | V86: 0 | W86: 0 | X86: 0 | Y86: 0 | Z86: 0 | AA86: 0 | AB86: 1 | AC86: 1 | AD86: 1 | AE86: 0 | AF86: 0 | AG86: 0 | AH86: 0
A87: Cogua | B87: 0 | C87: 1 | D87: 1 | E87: 0 | F87: 0 | G87: 0 | H87: 0 | I87: 0 | J87: 0 | K87: 1 | L87: 0 | M87: 0 | N87: 0 | O87: 0 | P87: 0 | Q87: 0 | R87: 0 | S87: 0 | T87: 1 | U87: 1 | V87: 0 | W87: 0 | X87: 0 | Y87: 0 | Z87: 0 | AA87: 0 | AB87: 0 | AC87: 0 | AD87: 0 | AE87: 0 | AF87: 0 | AG87: 0 | AH87: 0
... A109: Villavicencio | B109: 0 | C109: 1 | D109: 1 | E109: 0 | F109: 0 | G109: 0 | H109: 0 | I109: 0 | J109: 0 | K109: 1 | L109: 0 | M109: 0 | N109: 0 | O109: 0 | P109: 0 | Q109: 0 | R109: 0 | S109: 0 | T109: 1 | U109: 0 | V109: 0 | W109: 1 | X109: 1 | Y109: 1 | Z109: 1 | AA109: 0 | AB109: 0 | AC109: 0 | AD109: 0 | AE109: 0 | AF109: 0 | AG109: 0 | AH109: 0

Sheet TRAMOS
A1: Ruta | B1: Origen | C1: Destino | D1: Fijos | E1: Variables | F1: AOM | G1: Cap Disp Flujo | H1: Cap D Contra Flujo | I1: Transportador | J1: Tramo | L1: Transportador | M1: Fijos | N1: Variables | O1: AOM
A2: Ballenas_tgi - Barranca | B2: Ballenas_tgi | C2: Barranca | D2: 3328.3778 | E2: 5041 | F2: 2435.5028 | I2: TGI | J2: 1 | L2: TGI | M2: 541.76111 | N2: 757 | O2: 160.90833
A3: Barranca - Sebastopol | B3: Barranca | C3: Sebastopol | D3: 1532.5611 | E3: 3381 | F3: 586.51944 | I3: TGI | J3: 2 | L3: PROMIGAS | M3: 815.331 | N3: 1195.386 | O3: 97
A4: Sebastopol - Transmetano | B4: Sebastopol | C4: Transmetano | D4: 1e-05 | E4: 1e-05 | F4: 0 | I4: TGI | J4: 3
A5: Transmetano - Donmatias | B5: Transmetano | C5: Donmatias | D5: 1e-05 | E5: 1e-05 | F5: 0 | I5: TGI | J5: 4
A6: Donmatias - Barbosa | B6: Donmatias | C6: Barbosa | D6: 1e-05 | E6: 1e-05 | F6: 0 | I6: TGI | J6: 5
A7: Barbosa - Girardota | B7: Barbosa | C7: Girardota | D7: 1e-05 | E7: 1e-05 | F7: 0 | I7: TGI | J7: 6
A8: Girardota - Bello | B8: Girardota | C8: Bello | D8: 1e-05 | E8: 1e-05 | F8: 0 | I8: TGI | J8: 7
A9: Bello - Medellin | B9: Bello | C9: Medellin | D9: 5254.2953 | E9: 6590 | F9: 839.97534 | I9: TGI | J9: 8
A10: Sebastopol - Vasconia | B10: Sebastopol | C10: Vasconia | D10: 625.73889 | E10: 1868 | F10: 168.82778 | I10: TGI | J10: 9
A11: Vasconia - Mariquita | B11: Vasconia | C11: Mariquita | D11: 1489.125 | E11: 2208 | F11: 439.37778 | I11: TGI | J11: 10
A12: Mariquita - Gualanday | B12: Mariquita | C12: Gualanday | D12: 5177.6833 | E12: 5420 | F12: 1079.8444 | I12: TGI | J12: 11
A13: Gualanday - Neiva | B13: Gualanday | C13: Neiva | D13: 18816.314 | E13: 20660 | F13: 2600.4917 | I13: TGI | J13: 12
A14: Gualanday - Montañuelo | B14: Gualanday | C14: Montañuelo | D14: 0 | E14: 0 | F14: 0 | I14: TGI | J14: 13
A15: Mariquita - Pereira | B15: Mariquita | C15: Pereira | D15: 1869.8083 | E15: 2960 | F15: 1506.375 | I15: TGI | J15: 14
... A33: Sincelejo - Jobo | B33: Sincelejo | C33: Jobo | D33: 1675.082 | E33: 1769.096 | F33: 956 | I33: PROMIGAS | J33: 32
A35: Nota: 'Cap Disp Flujo' y 'Cap D Contra Flujo' se dejan disponibles para capacidad contratada/disponible; no forman parte del calculo de tarifa unitaria.

Sheet listas
A1: Origenes | B1: Destinos | D1: Opcion %CF | E1: Valor %CF | G1: Opcion Impuesto Local | H1: Valor Impuesto
A2: Acopi | B2: Acopi | D2: 100% Fijo / 0% Variable | E2: 1 | G2: 0% - Sin impuesto local | H2: 0
A3: Apiay | B3: Apiay | D3: 85% Fijo / 15% Variable | E3: 0.85 | G3: 2% - Impuesto especial municipal | H3: 0.02
A4: Armenia | B4: Armenia | D4: 70% Fijo / 30% Variable | E4: 0.7 | G4: 6% - Impuesto especial municipal | H4: 0.06
A5: Ballenas_prom | B5: Ballenas_prom | D5: 50% Fijo / 50% Variable | E5: 0.5
A6: Ballenas_tgi | B6: Ballenas_tgi | D6: 30% Fijo / 70% Variable | E6: 0.3
A7: Barbosa | B7: Barbosa | D7: 15% Fijo / 85% Variable | E7: 0.15
A8: Barranca | B8: Barranca | D8: 0% Fijo / 100% Variable | E8: 0
A9: Barranquilla | B9: Barranquilla
A10: Bello | B10: Bello
A11: Cali | B11: Cali
A12: Cartagena | B12: Cartagena
A13: Cogua | B13: Cogua
A14: Cusiana | B14: Cusiana
A15: Donmatias | B15: Donmatias
A16: Girardota | B16: Girardota
A17: Gualanday | B17: Gualanday
A18: Jobo | B18: Jobo
A19: La Belleza | B19: La Belleza
A20: La Creciente | B20: La Creciente
... A35: Villavicencio | B35: Villavicencio
